"date","day","category","duration","details","target_pace","target_hr","notes"
"2026-05-05","Tuesday","Quality Run","65 min total","Warm-up 15 min easy at 7:20-7:50/km, HR 135-145; drills 5 min; 2 x 10 min tempo at 5:50-5:55/km, HR 165-172, with 2 min jog at 7:30-8:00/km; cool-down 10 min easy.","Tempo 5:50-5:55/km","Main reps HR 165-172","Do not race rep 1. Finish feeling controlled."
"2026-05-06","Wednesday","Easy Run + Mobility","45 min run + 12 min mobility","Run 45 min at 7:15-7:55/km. Finish with 12 min hip, calf, quad, and ankle mobility.","7:15-7:55/km","HR 138-148","If HR rises above 150, slow down immediately."
"2026-05-07","Thursday","Upper Pull + Recovery Jog","35-45 min lift + optional 20 min jog","Pull-ups 4 x 6-8, one-arm rows 3 x 10 each side, rear-delt raises 3 x 15, curls 3 x 12, hangs 2 x 30 sec. Optional 20 min jog at 7:45-8:20/km.","Jog 7:45-8:20/km","Jog HR under 140","Skip the jog if the knee feels irritated."
"2026-05-08","Friday","Home Leg Day + Strides","35-45 min lift + 25 min run","Bulgarian split squats 3 x 8 each side, RDL 3 x 10, step-ups 3 x 10 each side, glute bridge 3 x 12, hamstring sliders 3 x 10, calf raises 3 x 18. Then 25 min easy at 7:20-7:55/km plus 4 x 20 sec strides at about 4:30-4:40/km with full walk-back.","Easy 7:20-7:55/km; strides 4:30-4:40/km","Easy HR 138-148","Leg day is moderate, not maximal."
"2026-05-09","Saturday","Run Club Long Run","80 min","80 min mostly easy at 7:05-7:40/km. Hold HR 140-150 for the first 70 min. Last 10 min can drift to 6:45-6:55/km only if HR stays 150-155 and the knee feels good.","7:05-7:40/km; last 10 min 6:45-6:55/km if controlled","HR 140-150 early, max 155 late","Do not turn the club into a race."
"2026-05-10","Sunday","Easy Run","35 min","35 min easy at 7:20-8:00/km. Finish with light quad and calf stretching.","7:20-8:00/km","HR 138-148","If Saturday felt hard, replace with 40 min walk."
"2026-05-11","Monday","Upper Push + Walk","35-45 min lift + 30 min walk","Push-ups 4 x 10-15, DB shoulder press or pike push-ups 3 x 10, bench dips 3 x 10, lateral raises 3 x 15, triceps extensions 3 x 12, plank 3 x 45 sec. Add a 30 min walk.","No run","Keep walk easy","This is a low leg-stress day."
"2026-05-12","Tuesday","Quality Run","60-65 min total","Warm-up 15 min easy, drills 5 min, 5 x 3 min at 5K effort 5:15-5:20/km with 2 min jog at 7:30-8:00/km, cool-down 12 min easy.","Reps 5:15-5:20/km","Rep HR peaks 172-180","First two reps should feel like you could do one more."
"2026-05-13","Wednesday","Easy Run + Mobility","50 min run + 12 min mobility","50 min easy at 7:15-7:55/km plus 12 min mobility.","7:15-7:55/km","HR 138-148","Stay patient if pace feels slow."
"2026-05-14","Thursday","Upper Pull + Recovery Jog","35-45 min lift + optional 25 min jog","Same pull session as last week. Optional 25 min jog at 7:45-8:20/km.","Jog 7:45-8:20/km","Jog HR under 140","Keep recovery really easy."
"2026-05-15","Friday","Home Leg Day + Easy Run","35-45 min lift + 30 min run","Leg session: split squats 3 x 8, RDL 3 x 10, step-ups 3 x 10, glute bridge 3 x 12, ham curls 3 x 10, calf raises 3 x 18. Then 30 min easy at 7:20-7:55/km.","7:20-7:55/km","HR 138-148","No strides this week; save the legs for Saturday."
"2026-05-16","Saturday","Run Club Long Run","85 min","85 min easy at 7:05-7:40/km. Keep HR 140-150 through 75 min. If all feels smooth, last 10 min at 6:40-6:50/km with HR capped at 155.","7:05-7:40/km; last 10 min 6:40-6:50/km if controlled","HR 140-150 early, max 155 late","You should finish able to jog another 5 min."
"2026-05-17","Sunday","Recovery Walk + Mobility","40 min walk + 15 min mobility","Brisk walk 40 min. Mobility 15 min focused on calves, hips, glutes, and quads.","No run","Recovery only","Take the non-running recovery day."
"2026-05-18","Monday","Upper Push + Walk","35-45 min lift + 30 min walk","Repeat upper push session. Add 1 rep per set if last week felt easy. 30 min walk after or later in the day.","No run","Keep walk easy","Progress upper body, not leg fatigue."
"2026-05-19","Tuesday","Quality Run","65 min total","Warm-up 15 min easy, drills 5 min, 3 x 8 min threshold at 5:42-5:48/km with 2 min jog, cool-down 12 min easy.","Reps 5:42-5:48/km","Main reps HR 166-173","Smooth and even; no sprint finish on reps."
"2026-05-20","Wednesday","Easy Run","45 min","45 min easy at 7:15-7:55/km.","7:15-7:55/km","HR 138-148","If the legs are heavy, stay closer to 7:45-8:00/km."
"2026-05-21","Thursday","Upper Pull + Recovery Jog","35-45 min lift + optional 20 min jog","Repeat upper pull session. Optional 20 min jog at 7:45-8:20/km.","Jog 7:45-8:20/km","Jog HR under 140","Skip jog if recovery is poor."
"2026-05-22","Friday","Home Leg Day + Strides","35-45 min lift + 25 min run","Leg session as before. Then 25 min easy at 7:20-7:55/km plus 6 x 20 sec strides at about 4:25-4:35/km with full walk-back.","Easy 7:20-7:55/km; strides 4:25-4:35/km","Easy HR 138-148","Stay relaxed on strides, not sprinting."
"2026-05-23","Saturday","Run Club Long Run","90 min","90 min mostly easy at 7:05-7:35/km. Final 10 min may move to 6:35-6:45/km only if HR stays under 156 and knee feels calm.","7:05-7:35/km; last 10 min 6:35-6:45/km if controlled","HR 140-152 early, max 156 late","This is endurance, not threshold."
"2026-05-24","Sunday","Easy Run","40 min","40 min easy at 7:20-8:00/km. Finish with 8 min stretching.","7:20-8:00/km","HR 138-148","Cut to 30 min if Saturday lingered in the legs."
"2026-05-25","Monday","Upper Push + Walk","35-45 min lift + 30 min walk","Repeat upper push. Try to add a small load or 1-2 reps on the first two exercises. Add a 30 min walk.","No run","Walk easy","Upper body progression is the priority today."
"2026-05-26","Tuesday","Quality Run","65 min total","Warm-up 15 min easy, drills 5 min, 6 x 800m at 5:12-5:18/km pace, meaning 4:10-4:14 per rep, with 90 sec jog recovery, cool-down 12 min easy.","800s in 4:10-4:14","Rep HR peaks 174-181","Last rep should be tough but not a death march."
"2026-05-27","Wednesday","Easy Run + Mobility","45 min run + 12 min mobility","45 min easy at 7:15-7:55/km plus 12 min mobility.","7:15-7:55/km","HR 138-148","Keep the pace smooth and boring."
"2026-05-28","Thursday","Upper Pull + Recovery Jog","35-45 min lift + optional 20 min jog","Repeat upper pull session. Optional 20 min jog at 7:45-8:20/km.","Jog 7:45-8:20/km","Jog HR under 140","If knee is grumpy, do only the lift."
"2026-05-29","Friday","Light Leg Day + Easy Run","25-35 min lift + 20 min run","Cut leg volume to 2 sets each: split squats, RDL, glute bridge, calf raises. Then 20 min easy at 7:25-8:00/km plus 4 x 15 sec strides at 4:30/km.","Easy 7:25-8:00/km; strides around 4:30/km","Easy HR 138-145","This is a lighter leg day to freshen Saturday."
"2026-05-30","Saturday","Run Club Long Run","95 min","95 min easy at 7:05-7:35/km. Keep HR 140-152 for most of the run. No fast finish this week.","7:05-7:35/km","HR 140-152","This is the biggest aerobic day of the block."
"2026-05-31","Sunday","Recovery Walk + Mobility","45 min walk + 15 min mobility","Brisk walk 45 min. Mobility 15 min.","No run","Recovery only","Use the walk to reduce stiffness, not add fatigue."
"2026-06-01","Monday","Upper Push + Walk","35-45 min lift + 30 min walk","Repeat upper push. Stop 1-2 reps shy of failure on every set. Add a 30 min walk.","No run","Walk easy","Keep freshness for Tuesday."
"2026-06-02","Tuesday","Quality Run","65 min total","Warm-up 15 min easy, drills 5 min, 4 x 1km at 5:12-5:16/km with 2 min jog recovery, cool-down 12 min easy.","1ks at 5:12-5:16/km","Rep HR peaks 174-181","Rep 1 should feel controlled; do not blast it."
"2026-06-03","Wednesday","Easy Run","45 min","45 min easy at 7:15-7:55/km.","7:15-7:55/km","HR 138-148","Today is pure aerobic maintenance."
"2026-06-04","Thursday","Upper Pull + Recovery Jog","35-45 min lift + optional 20 min jog","Repeat upper pull session. Optional 20 min jog at 7:45-8:20/km.","Jog 7:45-8:20/km","Jog HR under 140","Keep the jog short and loose if you do it."
"2026-06-05","Friday","Home Leg Day + Easy Run","30-40 min lift + 25 min run","Moderate leg day: split squats 3 x 6-8, RDL 3 x 8-10, step-ups 2 x 10, glute bridge 2 x 12, calf raises 2 x 18. Then 25 min easy at 7:20-7:55/km.","7:20-7:55/km","HR 138-148","Reduce load if the knee feels irritated."
"2026-06-06","Saturday","Run Club Long Run","80 min","80 min easy at 7:05-7:35/km with HR 140-150. No fast finish. This is a cutback long run before the test week.","7:05-7:35/km","HR 140-150","Finish fresher than the previous Saturdays."
"2026-06-07","Sunday","Easy Run","35 min","35 min easy at 7:20-8:00/km.","7:20-8:00/km","HR 138-148","Short and relaxed."
"2026-06-08","Monday","Upper Push + Walk","30-40 min lift + 25 min walk","Upper push at slightly reduced volume: 3 sets on main exercises, 2 sets accessories, 25 min walk.","No run","Walk easy","Start tapering fatigue this week."
"2026-06-09","Tuesday","Tune-Up Session","50-55 min total","Warm-up 15 min easy, drills 5 min, 3 x 400m at 4:58-5:02/km pace, meaning 1:59-2:01 per rep, with full 200m jog recovery, cool-down 12 min easy.","400s in 1:59-2:01","Rep HR rises but do not force max effort","This is sharpening, not fitness building."
"2026-06-10","Wednesday","Easy Run","35 min","35 min easy at 7:20-8:00/km.","7:20-8:00/km","HR 138-145","Keep cadence light and relaxed."
"2026-06-11","Thursday","Shakeout + Mobility","20 min run + 4 strides + 12 min mobility","20 min very easy at 7:30-8:05/km, then 4 x 20 sec strides at about 4:30/km with full walk-back. Finish with 12 min mobility.","Easy 7:30-8:05/km; strides around 4:30/km","Easy HR 135-145","You should finish feeling restless, not tired."
"2026-06-12","Friday","5K Test Day","55-65 min total including warm-up and cool-down","Warm-up 15 min easy at 7:20-7:50/km, drills 5 min, 4 x 20 sec strides, then 5K time trial. Pace plan: km 1 at 5:10, km 2 at 5:08, km 3 at 5:07, km 4 at 5:05, final km all-in if you have it. Cool-down 10 min easy after.","5K target average 5:05-5:08/km","Race HR will climb through high 170s into 180+ late","Target band is 25:20 to 25:40. If you feel amazing, push under 25:15."
